,0,1,2,3,4,5,6,7,8,9,10,11,12,13,14,15,16,17,18,19,20,21,22,23,24,25,26,27,28,29,30,31,32,33,34,35,36,37,38,39,40,41,42,43,44,45,46,47,48,49,50,51,52,53,54,55,56,57,58,59,60,61,62,63,64,65,66,67,68,69,70,71,72,73,74,75,76,77,78,79,80,81,82,83,84,85,86,87,88,89,90,91,92,93,94,95,96,97,98,99
0,webevent.view.account.summary.success webstc.view/print/download.monthly.statement ,0.099,webevent.view.transactions.and.details.success webstc.dispute , 0.068,webstc.dispute webevent.view.transactions.and.details.success , 0.037,webstc.rewards.learn.pages web.exit , 0.037,ivr.exit agent.2 , 0.037,webevent.view.account.summary.success webevent.view.authorized.users , 0.032,agent.2 agent.exit , 0.030,webevent.view.make.a.payment webstc.view/redeem.rewards , 0.027,ivr.exit webevent.login , 0.026,chordiant webevent.submit.dispute.success , 0.023,webevent.view.account.summary.success webstc.change.image.on.card , 0.022,webstc.dispute chordiant , 0.022,webstc.faq webstc.rewards.learn.pages , 0.021,webstc.change.image.on.card web.exit , 0.020,webevent.submit.dispute.success webevent.request.alerts.test.success , 0.020,webevent.view.transactions.and.details.success webstc.rewards.learn.pages , 0.018,webstc.view/print/download.statement.and.documents webstc.view/print/download.monthly.statement , 0.016,webstc.rewards.learn.pages webstc.faq , 0.015,webevent.view.statement.and.document.delivery.preferences webevent.view.transactions.and.details.success , 0.015,agent.view.history agent.2 , 0.013,webevent.request.credit.limit.increase webstc.request.clip.-approval.turn.down , 0.012,webstc.change.image.on.card webevent.login , 0.012,web.exit chordiant , 0.010,webevent.view.account.summary.success webstc.help , 0.010,webstc.view/edit/add.alert.contact.points web.exit , 0.009,webevent.view.authorized.users web.exit , 0.008,tsys.correspondence tsys.close.account , 0.008,webstc.view/print/download.monthly.statement agent.entry , 0.008,webstc.set.display.preference. webevent.view.account.summary.success , 0.007,webevent.view.account.summary.success webstc.set.display.preference. , 0.007,webstc.dispute agent.entry , 0.006,webstc.link.accounts webstc.set.display.preference. , 0.006,webevent.view.authorized.users webevent.view.transactions.and.details.success , 0.006,webevent.view.authorized.users webevent.login , 0.006,tsys.financial.adjustment journey.exit , 0.005,webevent.submit.dispute.success webstc.dispute , 0.005,webstc.rewards.search webstc.rewards.learn.pages , 0.005,webstc.help webevent.login , 0.005,tsys.verification.-.cvvs tsys.pin.-.change , 0.004,web.exit mobileevent.login.with.password.success , 0.004,webstc.change.image.on.card webevent.system.retrieve.default.email.address , 0.004,webstc.view/edit/add.alert.contact.points webevent.view.transactions.and.details.success , 0.004,webstc.rewards.learn.pages webstc.rewards.search , 0.004,chordiant tsys.credit.revoked , 0.004,webstc.help web.exit , 0.004,webevent.view.transactions.and.details.success webstc.help , 0.004,webstc.request.clip.-judgmental.underwriting webevent.view.transactions.and.details.success , 0.004,web.exit tsys.financial.adjustment , 0.004,webstc.request.clip.-approval.turn.down webevent.view.transactions.and.details.success , 0.003,webstc.change.image.on.card webevent.view.account.summary.success, 0.003
1,webstc.view/print/download.monthly.statement webevent.view.statements.page ,0.160,webevent.system.retrieve.default.email.address webstc.view/print/download.year.end.statement. , 0.075,webstc.promotional.offer.eligilbility webstc.select.a.promotional.offer , 0.069,webevent.open.statement.success webevent.login , 0.055,webevent.system.retrieve.default.email.address webevent.open.statement.success , 0.050,webstc.no.offer.available. webstc.promotional.offer.eligilbility , 0.039,webevent.view.account.summary.success webstc.promotional.offer.eligilbility , 0.032,webstc.browse.us.cards web.exit , 0.026,webstc.view/print/download.year.end.statement. webevent.system.retrieve.default.email.address , 0.022,webevent.view.account.summary.success webevent.login.failure , 0.021,webevent.view.authorized.users webevent.add.authorized.user.success , 0.019,webevent.login.failure webstc.error , 0.018,webstc.select.a.promotional.offer marketing , 0.014,webevent.view.transactions.and.details.success webevent.view.authorized.users , 0.011,webstc.view/print/download.year.end.statement. webevent.view.transactions.and.details.success , 0.010,webstc.promotional.offer.eligilbility webevent.view.transactions.and.details.success , 0.010,tsys.credit.revoked agent.exit , 0.008,webevent.view.make.a.payment webevent.view.transactions.and.details.failure , 0.008,marketing webstc.no.offer.available. , 0.008,webevent.view.authorized.users web.exit , 0.007,webstc.no.offer.available. web.exit , 0.005,webevent.make.a.payment.success webstc.browse.us.cards , 0.005,tsys.employment tsys.card.request , 0.005,webstc.view/redeem.rewards webstc.browse.us.cards , 0.005,webstc.promotional.offer.eligilbility webevent.login , 0.004,tsys.card.request tsys.employment , 0.004,tsys.add.authorized.user tsys.update.mailing.address , 0.004,webstc.view.rewards.summary webstc.promotional.offer.eligilbility , 0.004,tsys.update.phone.number tsys.account.relationship , 0.004,tsys.add.authorized.user tsys.update.phone.number , 0.004,tsys.number.of.cards tsys.employment , 0.004,tsys.pin.-.change tsys.add.authorized.user , 0.004,tsys.update.mailing.address tsys.account.relationship , 0.004,mobileevent.view.make.a.payment mblstc.error , 0.003,tsys.account.relationship tsys.date.of.birth , 0.003,tsys.add.authorized.user tsys.account.relationship , 0.003,tsys.date.of.birth tsys.update.mailing.address , 0.003,tsys.update.phone.number tsys.date.of.birth , 0.003,tsys.date.of.birth tsys.add.authorized.user , 0.003,tsys.ssn.-.tax.id tsys.employment , 0.003,tsys.update.mailing.address tsys.verification.-.id.added.or.changed , 0.003,webstc.promotional.offer.eligilbility webstc.view.rewards.summary , 0.003,tsys.employment tsys.number.of.cards , 0.003,tsys.update.phone.number tsys.pin.-.change , 0.003,webstc.promotional.offer.eligilbility webstc.no.offer.available. , 0.003,tsys.date.of.birth tsys.pin.-.change , 0.003,tsys.name.change tsys.add.authorized.user , 0.003,tsys.employment web.exit , 0.003,webstc.promotional.offer.eligilbility webstc.change.image.on.card , 0.003,webstc.view/print/download.year.end.statement. webevent.view.payment.activity, 0.003
2,agent.view.payment.history agent.view.payment.history ,0.152,agent.view.history agent.view.history , 0.127,agent.view.history agent.exit , 0.071,agent.view.statements agent.view.payment.history , 0.067,agent.exit journey.exit , 0.064,agent.view.payment.history agent.exit , 0.053,agent.pay.by.phone.success agent.view.payment.history , 0.036,agent.view.payment.history agent.pay.by.phone.success , 0.032,tsys.financial.adjustment tsys.financial.adjustment , 0.030,agent.entry agent.1 , 0.030,ivr.exit agent.view.payment.history , 0.027,agent.view.authorization agent.view.history , 0.022,agent.entry agent.view.payment.history , 0.020,agent.view.history agent.view.authorization , 0.016,agent.view.authorization agent.view.payment.history , 0.015,agent.view.payment.history agent.view.authorization , 0.013,tsys.verification.-.card.receipt agent.activation.success , 0.011,agent.view.payment.history agent.2 , 0.011,agent.view.product.information agent.view.history , 0.010,tsys.fraud.-.watch tsys.fraud.-.watch , 0.008,agent.view.payment.history agent.view.product.information , 0.008,agent.view.personal.information agent.view.payment.history , 0.007,agent.2 agent.view.history , 0.007,agent.view.payment.history agent.view.personal.information , 0.006,agent.view.product.information agent.view.payment.history , 0.006,web.exit agent.view.history , 0.006,agent.activation.success agent.exit , 0.006,agent.2 agent.view.payment.history , 0.005,reward agent.entry , 0.004,tsys.financial.adjustment agent.entry , 0.004,agent.view.personal.information agent.view.history , 0.004,agent.collections.-.promise.to.pay agent.view.history , 0.004,agent.card.delete.request agent.view.history , 0.004,agent.view.payment.history marketing , 0.003,declined chordiant , 0.003,ivr.exit tsys.verification.-.card.receipt , 0.003,agent.3 agent.view.history , 0.003,webevent.view.make.a.payment agent.view.payment.history , 0.003,agent.view.payment.history webevent.login , 0.003,agent.view.history agent.3 , 0.003,ivr.activation agent.entry , 0.003,tsys.financial.adjustment tsys.card.request , 0.003,agent.modify.payment.success agent.view.payment.history , 0.002,agent.view.payment.history tsys.financial.adjustment , 0.002,agent.update.bank.profile.success agent.view.payment.history , 0.002,ivr.exit agent.view.collections.information , 0.002,agent.1 tsys.fraud.-.watch , 0.002,agent.view.payment.history agent.submit.work.entry , 0.002,agent.offer.not.accepted agent.offer.not.accepted , 0.002,agent.view.history ivr.entry, 0.002
3,agent.entry agent.1 ,0.140,ivr.disp.agent.transfer ivr.exit , 0.134,agent.1 ivr.disp.agent.transfer , 0.124,ivr.entry ivr.proactive.balance , 0.085,ivr.proactive.balance agent.entry , 0.063,agent.exit journey.exit , 0.049,reward ivr.entry , 0.038,ivr.entry agent.entry , 0.035,ivr.exit agent.view.statements , 0.031,agent.view.payment.history agent.view.statements , 0.022,ivr.exit agent.exit , 0.020,agent.view.statements agent.view.statements , 0.019,agent.1 ivr.exit , 0.019,agent.view.statements agent.exit , 0.017,ivr.exit agent.view.personal.information , 0.013,marketing agent.offer.accepted , 0.013,ivr.exit agent.view.history , 0.009,agent.view.personal.information agent.view.personal.information , 0.009,agent.view.personal.information agent.exit , 0.008,webevent.view.account.summary.success webstc.search , 0.007,agent.offer.accepted agent.exit , 0.006,ivr.exit marketing , 0.006,agent.view.statements agent.2 , 0.005,agent.view.personal.information tsys.verification.-.cvvs , 0.005,tsys.fraud.-.watch agent.travel.notification , 0.004,tsys.verification.-.cvvs tsys.update.email.address , 0.004,agent.2 agent.view.statements , 0.004,mobileevent.answer.security.question.success mobileevent.view.account.summary.success , 0.004,agent.offer.accepted agent.view.personal.information , 0.004,agent.view.authorization agent.view.personal.information , 0.004,ivr.recent.transactions agent.entry , 0.003,ivr.exit agent.view.payment.history , 0.003,webstc.rewards.learn.pages ivr.entry , 0.003,agent.2 agent.view.personal.information , 0.003,tsys.update.email.address agent.view.personal.information , 0.003,ivr.proactive.balance ivr.balance.details , 0.003,agent.financial.adjustments agent.exit , 0.003,ivr.proactive.balance ivr.recent.transactions , 0.003,tsys.update.email.address tsys.update.email.address , 0.003,agent.travel.notification agent.exit , 0.003,mobileevent.view.account.summary.success mobileevent.view.payment.activity , 0.002,agent.view.personal.information tsys.update.email.address , 0.002,agent.view.statements marketing , 0.002,marketing agent.account.retention.success , 0.002,agent.view.personal.information agent.view.authorization , 0.002,agent.view.personal.information agent.2 , 0.002,agent.view.personal.information marketing , 0.002,agent.2 agent.view.history , 0.002,agent.account.retention.success agent.exit , 0.002,ivr.proactive.balance ivr.fees, 0.001
4,agent.view.personal.information agent.view.personal.information ,0.067,agent.exit journey.exit , 0.043,agent.view.personal.information agent.exit , 0.026,tsys.photo.card.indicator tsys.number.of.cards , 0.022,tsys.number.of.cards tsys.card.request , 0.022,tsys.card.request tsys.photo.card.indicator , 0.022,tsys.card.request tsys.number.of.cards , 0.021,tsys.photo.card.indicator tsys.card.request , 0.020,tsys.number.of.cards tsys.photo.card.indicator , 0.020,tsys.fraud.-.lsrp tsys.credit.bureau , 0.018,tsys.credit.bureau tsys.fraud.-.lsrp , 0.016,tsys.fraud.-.lsrp agent.lost.stolen.replacement.card , 0.016,tsys.fraud.-.lsrp tsys.fraud.-.lsrp , 0.015,agent.entry agent.exit , 0.015,agent.entry agent.view.product.information , 0.014,agent.lost.stolen.replacement.card tsys.fraud.-.lsrp , 0.014,agent.entry agent.1 , 0.013,agent.collections.-.promise.to.pay agent.collections.-.promise.to.pay , 0.013,agent.view.history agent.view.personal.information , 0.013,agent.view.product.information agent.view.personal.information , 0.013,agent.entry agent.view.personal.information , 0.012,agent.update.personal.information agent.view.personal.information , 0.012,agent.view.personal.information agent.view.product.information , 0.011,ivr.exit agent.entry , 0.010,agent.view.personal.information agent.view.history , 0.010,agent.exit agent.entry , 0.010,tsys.credit.bureau agent.lost.stolen.replacement.card , 0.009,tsys.promise.to.pay agent.collections.-.promise.to.pay , 0.008,agent.view.personal.information agent.card.delete.request , 0.008,agent.exit mobile.entry , 0.007,tsys.update.mailing.address agent.update.personal.information , 0.007,agent.view.personal.information tsys.update.mailing.address , 0.007,agent.card.delete.request tsys.number.of.cards , 0.007,agent.card.delete.request tsys.card.request , 0.006,agent.collections.-.promise.to.pay agent.exit , 0.006,agent.card.delete.request tsys.photo.card.indicator , 0.006,agent.view.statements agent.lost.stolen.replacement.card , 0.006,agent.entry agent.lost.stolen.replacement.card , 0.006,ivr.disp.deleveraged.call ivr.exit , 0.005,agent.1 agent.view.personal.information , 0.005,agent.lost.stolen.replacement.card tsys.card.request , 0.005,agent.1 ivr.disp.deleveraged.call , 0.005,agent.card.delete.request agent.exit , 0.005,tsys.number.of.cards agent.financial.adjustments , 0.005,agent.view.history agent.view.product.information , 0.005,agent.view.history agent.card.delete.request , 0.005,agent.lost.stolen.replacement.card tsys.credit.bureau , 0.005,agent.lost.stolen.replacement.card tsys.number.of.cards , 0.005,agent.lost.stolen.replacement.card agent.exit , 0.005,agent.lost.stolen.replacement.card tsys.photo.card.indicator, 0.005
5,webstc.view.rewards.summary webevent.view.transactions.and.details.success ,0.206,mobile.exit web.entry , 0.159,webevent.view.payment.activity webevent.delete.payment.success , 0.080,webevent.delete.payment.success webevent.view.payment.activity , 0.057,web.exit tsys.update.mailing.address , 0.046,tsys.cash.limit.change marketing , 0.041,webevent.request.credit.limit.increase tsys.cash.limit.change , 0.036,webevent.view.transactions.and.details.success webstc.browse.us.cards , 0.032,webevent.view.account.summary.success webevent.view.due.date.page , 0.031,web.exit journey.exit , 0.024,webevent.view.due.date.page webevent.change.payment.due.date.success , 0.021,mobile.exit web.exit , 0.017,webevent.change.payment.due.date.success tsys.change.payment.due.date , 0.016,webevent.change.payment.due.date.success webevent.view.payment.activity , 0.016,webevent.view.payment.activity tsys.change.payment.due.date , 0.015,webevent.view.due.date.page webevent.view.payment.activity , 0.012,webevent.view.payment.activity webevent.change.payment.due.date.success , 0.011,webevent.view.due.date.page web.exit , 0.010,webevent.view.transactions.and.details.success webevent.view.due.date.page , 0.008,webevent.view.make.a.payment mobile.entry , 0.007,tsys.change.payment.due.date web.exit , 0.007,mobile.exit webevent.view.account.summary.success , 0.006,agent.exit tsys.financial.adjustment , 0.006,webstc.view.rewards.summary mobile.entry , 0.005,declined agent.entry , 0.004,webstc.view/redeem.rewards agent.exit , 0.004,webevent.view.due.date.page webevent.view.transactions.and.details.success , 0.004,webevent.view.payment.activity webevent.view.due.date.page , 0.004,webstc.error mobile.entry , 0.004,webevent.view.make.a.payment webevent.view.due.date.page , 0.004,tsys.financial.adjustment tsys.correspondence , 0.003,webstc.view.services.page webevent.view.due.date.page , 0.003,webevent.view.due.date.page webevent.view.make.a.payment , 0.003,webevent.delete.payment.success webevent.view.transactions.and.details.success , 0.003,tsys.change.payment.due.date webevent.view.transactions.and.details.success , 0.003,mobileevent.make.a.payment.success mblstc.view.services , 0.003,tsys.change.payment.due.date webevent.login , 0.002,webevent.view.due.date.page webevent.login , 0.002,webstc.view/print/download.monthly.statement mobile.entry , 0.002,tsys.correspondence journey.exit , 0.002,tsys.change.payment.due.date webevent.view.make.a.payment , 0.002,webstc.chat-ignore ivr.entry , 0.002,webevent.view.due.date.page tsys.change.payment.due.date , 0.002,mobileevent.view.transactions.and.details web.entry , 0.002,web.entry mobile.exit , 0.002,webstc.view/print/download.monthly.statement webstc.chat-proactive , 0.002,webevent.system.retrieve.default.email.address webevent.view.due.date.page , 0.002,webevent.delete.payment.success webevent.login , 0.001,agent.entry webstc.view/redeem.rewards , 0.001,webstc.chat-reactive webevent.view.due.date.page, 0.001
6,mobile.entry mobileevent.login.with.password.success ,0.230,mobileevent.login.with.password.success mobile.exit , 0.159,mobile.exit journey.exit , 0.076,web.exit mobile.entry , 0.068,mblstc.view.services mobile.exit , 0.053,mobile.exit mobile.entry , 0.030,mobile.exit mobile.exit , 0.019,mobile.exit ivr.entry , 0.018,agent.1 agent.2 , 0.017,mobileevent.view.account.summary.success mblstc.view.services , 0.016,mblstc.view.services mobileevent.view.activate.card , 0.015,tsys.verification.-.cvvs web.exit , 0.015,mblstc.contact.us mobile.exit , 0.014,mobile.entry mobileevent.view.account.summary.success , 0.013,mobileevent.view.activate.card mblstc.view.services , 0.012,mblstc.view.services mblstc.contact.us , 0.010,mblstc.view.services mobileevent.view.make.a.payment , 0.008,mblstc.find.nearest.atm/branch mobile.exit , 0.007,declined mobile.entry , 0.007,mobileevent.login.with.password.success mblstc.contact.us , 0.007,mblstc.view.schedule.payment.terms mobile.exit , 0.007,mobileevent.view.payment.activity mblstc.view.services , 0.007,mblstc.contact.us mblstc.view.services , 0.007,mobileevent.view.make.a.payment mobileevent.login.with.password.success , 0.006,mobileevent.view.rewards mblstc.view.services , 0.006,mobileevent.login.with.password.success mobileevent.view.account.summary.success , 0.005,mobileevent.view.transactions.and.details mblstc.view.services , 0.005,mblstc.view.services mobileevent.view.transactions.and.details , 0.004,mobileevent.login.with.sureswipe.success mobile.exit , 0.004,mobileevent.answer.security.question.failure mobileevent.answer.security.question.success , 0.004,mblstc.view.services mblstc.find.nearest.atm/branch , 0.004,mobile.exit mblstc.view.services , 0.004,mblstc.view.services mobileevent.view.rewards , 0.003,mobileevent.answer.security.question.success mobile.entry , 0.003,mblstc.error mblstc.view.services , 0.003,mobile.entry mblstc.find.nearest.atm/branch , 0.003,mblstc.find.nearest.atm/branch mblstc.view.services , 0.003,mblstc.view.services mobile.entry , 0.003,mblstc.find.nearest.atm/branch mobileevent.login.with.password.success , 0.003,mobileevent.decline.sureswipe.enrollment.intercept mblstc.view.services , 0.002,mobileevent.view.make.a.payment mblstc.contact.us , 0.002,mblstc.security.info mobile.exit , 0.002,mblstc.contact.us ivr.entry , 0.002,mobileevent.view.deals mblstc.view.deals. , 0.002,mblstc.view.services mobileevent.view.payment.activity , 0.002,mobileevent.enable.sureswipe.success mblstc.view.services , 0.002,mobileevent.login.with.password.success web.entry , 0.002,webstc.faq webevent.view.payment.activity , 0.002,agent.exit mobile.exit , 0.002,mblstc.view.services mblstc.error, 0.002
7,ivr.entry ivr.proactive.balance ,0.113,ivr.disp.completed.call ivr.exit , 0.109,web.exit ivr.entry , 0.097,agent.view.authorization agent.view.authorization , 0.074,ivr.proactive.balance ivr.disp.completed.call , 0.043,ivr.exit journey.exit , 0.041,ivr.exit ivr.entry , 0.032,agent.exit ivr.entry , 0.031,ivr.proactive.balance ivr.rewards , 0.030,ivr.entry ivr.activation , 0.026,ivr.exit agent.view.authorization , 0.026,agent.view.authorization agent.exit , 0.025,ivr.activation tsys.verification.-.card.receipt , 0.023,ivr.proactive.balance ivr.fraud , 0.021,ivr.fraud agent.entry , 0.020,ivr.fraud ivr.fraud , 0.017,ivr.exit web.entry , 0.016,ivr.exit tsys.verification.-.cvvs , 0.014,tsys.verification.-.card.receipt ivr.disp.completed.call , 0.013,tsys.verification.-.cvvs tsys.fraud.-.watch , 0.011,ivr.proactive.balance ivr.close.account , 0.011,ivr.proactive.balance ivr.payment.success , 0.011,ivr.close.account agent.entry , 0.009,ivr.proactive.balance ivr.recent.transactions , 0.008,ivr.payment.success ivr.disp.completed.call , 0.008,tsys.pin.-.change ivr.disp.completed.call , 0.008,chordiant tsys.fraud.-.watch , 0.007,ivr.recent.transactions ivr.disp.completed.call , 0.007,declined ivr.entry , 0.006,agent.view.authorization agent.2 , 0.006,agent.view.payment.history agent.update.bank.profile.success , 0.006,webevent.view.payment.activity ivr.entry , 0.005,agent.exit ivr.exit , 0.005,agent.entry agent.exit , 0.005,ivr.balance.details ivr.disp.completed.call , 0.005,ivr.entry ivr.fraud , 0.004,agent.update.bank.profile.success agent.pay.by.phone.success , 0.004,ivr.exit tsys.fraud.-.watch , 0.004,ivr.proactive.balance ivr.travel.notification , 0.004,alerts.delivered alerts.delivered , 0.003,ivr.travel.notification agent.entry , 0.003,agent.activation.success agent.activation.success , 0.003,ivr.exit webevent.view.make.a.payment , 0.003,tsys.verification.-.card.receipt ivr.proactive.balance , 0.003,tsys.verification.-.cvvs agent.entry , 0.003,tsys.photo.card.indicator tsys.update.mailing.address , 0.002,tsys.financial.adjustment ivr.entry , 0.002,ivr.redeem.rewards ivr.disp.completed.call , 0.002,tsys.update.mailing.address tsys.number.of.cards , 0.002,ivr.exit declined, 0.002
8,webevent.view.make.a.payment webevent.update.bank.profile.success ,0.234,webevent.update.bank.profile.success webevent.view.make.a.payment , 0.216,web.entry mobile.entry , 0.096,webevent.make.a.payment.success web.entry , 0.086,webevent.view.transactions.and.details.success mobile.entry , 0.055,journey.entry web.entry , 0.053,webstc.chat-reactive webstc.view/print/download.monthly.statement , 0.017,mobileevent.answer.security.question.success mblstc.view.services , 0.014,web.exit mobile.exit , 0.014,webevent.make.a.payment.success webstc.change.image.on.card , 0.007,mobileevent.login.with.password.success webevent.login , 0.007,mobileevent.view.account.summary.success web.entry , 0.006,webevent.view.replacement.card.page webevent.view.transactions.and.details.success , 0.006,mobileevent.view.transactions.and.details mblstc.error , 0.006,webevent.update.bank.profile.success web.exit , 0.006,webstc.browse.us.cards webevent.view.transactions.and.details.success , 0.006,mobile.exit webevent.view.transactions.and.details.success , 0.005,tsys.financial.adjustment tsys.credit.limit.change , 0.005,webstc.request.clip.-approved.-accepted webstc.view/print/download.monthly.statement , 0.005,webevent.update.bank.profile.success webevent.view.payment.activity , 0.004,web.exit agent.pay.by.phone.success , 0.004,mobile.entry webevent.login , 0.004,mobileevent.view.account.summary.success web.exit , 0.004,webstc.chat-reject webevent.update.bank.profile.success , 0.004,tsys.account.charged.off web.entry , 0.004,webevent.update.bank.profile.success webevent.view.transactions.and.details.success , 0.003,mobile.exit mobileevent.view.make.a.payment , 0.003,agent.view.authorization webevent.view.make.a.payment , 0.003,mobileevent.view.make.a.payment web.entry , 0.003,mobile.exit webevent.view.make.a.payment , 0.003,mobileevent.login.with.password.success web.exit , 0.003,webstc.help webevent.view.make.a.payment , 0.003,webevent.update.bank.profile.success webevent.login , 0.003,webevent.view.account.summary.success mobile.exit , 0.003,agent.exit webevent.update.bank.profile.success , 0.002,web.exit webevent.view.make.a.payment , 0.002,mobileevent.view.account.summary.success webevent.login , 0.002,tsys.credit.limit.change journey.exit , 0.002,tsys.date.of.birth tsys.card.request , 0.002,reward tsys.account.charged.off , 0.002,webevent.view.transactions.and.details.success mobile.exit , 0.002,agent.exit webstc.activation , 0.002,webstc.view/print/download.monthly.statement webstc.rewards.search , 0.002,web.exit mobileevent.view.transactions.and.details , 0.002,tsys.credit.limit.change web.entry , 0.002,webevent.update.bank.profile.success webevent.update.bank.profile.failure , 0.001,webevent.login agent.view.payment.history , 0.001,web.exit tsys.credit.balance.refund.. , 0.001,webevent.delete.payment.success webevent.delete.bank.profile.success , 0.001,mobileevent.make.a.payment.success web.exit, 0.001
9,webevent.login webevent.view.account.summary.success ,0.277,webevent.view.account.summary.success webevent.login , 0.192,webevent.view.account.summary.success webevent.view.transactions.and.details.success , 0.107,web.entry webevent.login , 0.051,webevent.view.transactions.and.details.success webevent.login , 0.042,webevent.view.transactions.and.details.success webevent.view.make.a.payment , 0.041,journey.entry web.entry , 0.039,web.exit journey.exit , 0.036,webevent.view.make.a.payment webevent.login , 0.034,webevent.view.account.summary.success webevent.view.statements.page , 0.026,webevent.view.statements.page webevent.system.retrieve.default.email.address , 0.016,webevent.login webevent.view.transactions.and.details.success , 0.014,webstc.view.rewards.summary webevent.login , 0.012,webevent.system.retrieve.default.email.address webevent.login , 0.011,webstc.view/redeem.rewards webevent.view.make.a.payment , 0.010,webevent.view.account.summary.success web.exit , 0.008,webevent.view.transactions.and.details.success webevent.view.account.summary.success , 0.007,webevent.view.make.a.payment web.exit , 0.007,webevent.system.retrieve.default.email.address web.exit , 0.006,webevent.view.statements.page webevent.login , 0.006,webstc.dispute webevent.system.retrieve.default.email.address , 0.006,webevent.system.retrieve.default.email.address webstc.dispute , 0.006,webevent.view.make.a.payment webevent.view.account.summary.success , 0.005,webevent.view.statements.page web.exit , 0.004,webevent.login webevent.view.statements.page , 0.004,webevent.request.alerts.test.success webstc.dispute , 0.003,webstc.view.credit.line.increase.page webevent.view.transactions.and.details.success , 0.002,webevent.view.account.summary.success webevent.view.replacement.card.page , 0.002,webevent.view.transactions.and.details.success webstc.error , 0.002,webevent.view.account.summary.success webstc.chat-reject , 0.002,webstc.dispute web.exit , 0.002,web.entry webevent.view.make.a.payment , 0.002,webstc.chat-ignore webevent.login , 0.001,webevent.view.transactions.and.details.success webstc.chat-reject , 0.001,webevent.view.transactions.and.details.success webstc.chat-ignore , 0.001,webevent.view.statement.and.document.delivery.preferences webevent.view.make.a.payment , 0.001,webstc.dispute webevent.login , 0.001,webevent.view.transactions.and.details.success webstc.dispute , 0.001,webstc.chat-reject webevent.view.make.a.payment , 0.001,webevent.view.account.summary.success webstc.online.application , 0.001,webevent.login webevent.system.retrieve.default.email.address , 0.001,webstc.request.clip.-declined webevent.view.make.a.payment , 0.001,webevent.view.transactions.and.details.success webevent.view.replacement.card.page , 0.001,webevent.view.replacement.card.page web.exit , 0.001,webevent.system.retrieve.default.email.address mobile.entry , 0.000,ivr.entry ivr.disp.completed.call , 0.000,webstc.dispute webevent.request.alerts.test.success , 0.000,webevent.view.statements.page mobile.entry , 0.000,webstc.chat-reject webstc.chat-ignore , 0.000,chordiant webevent.request.alerts.test.success, 0.000
10,webstc.view/redeem.rewards webevent.view.transactions.and.details.success ,0.086,webstc.browse.us.cards webevent.login , 0.072,webevent.use.search.bar.success webstc.search , 0.072,webstc.view.rewards.summary webstc.manage.rewards , 0.056,tsys.chargeback tsys.financial.adjustment , 0.054,tsys.financial.adjustment tsys.chargeback , 0.042,web.entry webstc.browse.us.cards , 0.038,webevent.view.account.summary.success tsys.update.email.address , 0.037,webstc.view.rewards.summary webevent.view.make.a.payment , 0.031,webstc.view.rewards.summary webevent.view.payment.activity , 0.025,webstc.search webevent.use.search.bar , 0.022,tsys.update.email.address webstc.link.accounts , 0.022,tsys.card.request tsys.card.request , 0.018,webevent.view.account.summary.success webevent.use.search.bar.success , 0.017,webstc.search webevent.use.search.bar.success , 0.017,webevent.system.retrieve.default.email.address webevent.modify.alerts.success , 0.016,webevent.system.retrieve.default.email.address tsys.update.email.address , 0.015,web.exit journey.exit , 0.014,webstc.search web.exit , 0.013,webstc.search webstc.view.rewards.summary , 0.013,webevent.modify.alerts.success tsys.update.email.address , 0.012,webstc.search webstc.view.credit.line.increase.page , 0.012,webevent.use.search.bar webstc.search , 0.011,webevent.view.account.summary.success webstc.browse.us.cards , 0.010,webstc.temporary.password webevent.login , 0.010,webevent.view.transactions.and.details.success webevent.use.search.bar.success , 0.009,webevent.login webstc.view/redeem.rewards , 0.009,webevent.view.transactions.and.details.success webstc.search , 0.009,webevent.system.retrieve.default.email.address webevent.view.make.a.payment , 0.008,tsys.update.email.address webevent.system.retrieve.default.email.address , 0.008,webevent.modify.alerts.success webevent.system.retrieve.default.email.address , 0.008,journey.entry tsys.chargeback , 0.007,webstc.search webevent.view.transactions.and.details.success , 0.006,tsys.fraud.-.watch chordiant , 0.006,webstc.error webevent.view.account.summary.success , 0.006,declined tsys.fraud.-.watch , 0.006,webstc.search webevent.login , 0.006,webstc.search webstc.activation , 0.005,webstc.search webstc.chat-reactive , 0.005,webstc.link.accounts webevent.view.transactions.and.details.success , 0.004,chordiant tsys.fraud.-.watch , 0.004,tsys.fraud.-.watch journey.exit , 0.004,tsys.statement.suppression webevent.modify.statement.and.document.delivery.preferences.success , 0.004,webevent.use.search.bar webevent.use.search.bar.success , 0.004,web.exit tsys.card.request , 0.003,webstc.search webevent.view.statements.page , 0.003,tsys.card.request journey.exit , 0.003,webstc.chat-reactive webstc.search , 0.003,web.exit tsys.verification.-.card.receipt , 0.003,webevent.make.a.payment.success webstc.view.credit.line.increase.page, 0.003
11,web.exit web.entry ,0.241,web.entry web.exit , 0.108,web.exit agent.entry , 0.063,agent.view.statements agent.view.history , 0.056,journey.entry web.entry , 0.046,webstc.view.rewards.summary webstc.rewards.learn.pages , 0.032,agent.exit web.entry , 0.031,webevent.view.transactions.and.details.success webstc.manage.rewards , 0.028,web.exit journey.exit , 0.024,webevent.open.statement.success webstc.view/print/download.year.end.statement. , 0.021,webevent.view.transactions.and.details.success webstc.balance.transfer , 0.020,webstc.manage.rewards webevent.login , 0.020,webevent.view.payment.activity webstc.view/print/download.monthly.statement , 0.020,web.entry webstc.view/print/download.monthly.statement , 0.018,webevent.view.transactions.and.details.success webstc.chat-reactive , 0.018,tsys.card.request web.entry , 0.018,webstc.view/print/download.year.end.statement. web.exit , 0.017,webstc.view/print/download.monthly.statement web.exit , 0.017,webstc.chat-ignore web.exit , 0.015,webevent.statement.suppression.enroll.success tsys.statement.suppression , 0.014,web.entry webevent.view.transactions.and.details.success , 0.013,webstc.view/print/download.statement.and.documents webevent.login , 0.010,webstc.view/print/download.year.end.statement. webstc.view/print/download.monthly.statement , 0.010,webstc.view/print/download.monthly.statement webstc.view/print/download.year.end.statement. , 0.009,webevent.view.transactions.and.details.success webstc.view/print/download.year.end.statement. , 0.008,webevent.view.account.summary.success webevent.online.enrollment , 0.008,marketing tsys.financial.adjustment , 0.008,tsys.update.email.address web.entry , 0.006,webstc.balance.transfer webevent.view.transactions.and.details.success , 0.006,webstc.manage.rewards web.exit , 0.005,webstc.view/print/download.year.end.statement. webevent.login , 0.005,webevent.view.account.summary.success webstc.chat-ignore , 0.005,webevent.view.transactions.and.details.success webevent.open.secured.message.success , 0.005,webstc.view/print/download.statement.and.documents webstc.view/print/download.year.end.statement. , 0.004,webstc.manage.rewards webevent.view.payment.activity , 0.004,tsys.update.email.address web.exit , 0.004,webstc.balance.transfer web.exit , 0.003,web.entry webstc.chat-reject , 0.003,webevent.view.statements.page webevent.view.transactions.and.details.success , 0.003,webevent.online.enrollment tsys.verification.-.cvvs , 0.003,webevent.online.enrollment web.exit , 0.003,tsys.verification.-.card.receipt web.exit , 0.002,webstc.chat-ignore webevent.view.transactions.and.details.success , 0.002,webstc.view/print/download.monthly.statement webstc.view.lost.stolen.page , 0.002,tsys.verification.-.cvvs webevent.statement.suppression.enroll.success , 0.002,webstc.chat-ignore webstc.balance.transfer , 0.002,webstc.view/print/download.year.end.statement. webstc.view/print/download.statement.and.documents , 0.001,webstc.view.rewards.summary webstc.chat-ignore , 0.001,webstc.balance.transfer webstc.chat-proactive , 0.001,webevent.view.account.summary.success tsys.verification.-.card.receipt, 0.001
12,webstc.error webevent.login ,0.103,webevent.modify.alerts.success webevent.view.alerts.page , 0.076,webevent.view.alerts.page webstc.view/edit/add.alert.contact.points , 0.070,webevent.view.alerts.page webevent.modify.alerts.success , 0.067,webevent.view.account.summary.success webevent.view.alerts.page , 0.052,tsys.cash.limit.change webevent.view.account.summary.success , 0.047,webevent.view.account.summary.success webstc.error , 0.043,webstc.error web.exit , 0.043,webstc.view/edit/add.alert.contact.points webevent.view.alerts.page , 0.028,web.exit journey.exit , 0.020,webstc.view/edit/add.alert.contact.points webevent.modify.alerts.success , 0.019,agent.view.collections.information agent.collections.-.promise.to.pay , 0.018,webstc.request.clip.-approved.-accepted web.exit , 0.017,webstc.request.clip.-approved.-accepted tsys.cash.limit.change , 0.017,webevent.view.make.a.payment webevent.make.a.payment.failure , 0.017,webevent.view.payment.activity webevent.system.retrieve.default.email.address , 0.016,webevent.system.retrieve.default.email.address webevent.view.alerts.page , 0.015,webevent.view.alerts.page webevent.view.transactions.and.details.success , 0.014,webstc.faq web.exit , 0.012,webstc.faq webevent.login , 0.012,webstc.faq webstc.chat-ignore , 0.011,webevent.login webstc.error , 0.011,webevent.view.alerts.page webevent.view.make.a.payment , 0.010,webevent.request.alerts.test.success webevent.view.alerts.page , 0.010,webevent.view.alerts.page webevent.system.retrieve.default.email.address , 0.009,webstc.view/edit/add.alert.contact.points webevent.request.alerts.test.success , 0.009,tsys.update.email.address webevent.view.alerts.page , 0.008,webstc.faq webstc.chat-reject , 0.007,webstc.request.clip.-declined webstc.faq , 0.007,webevent.view.alerts.page webevent.login , 0.007,webevent.view.account.summary.success webevent.system.retrieve.default.email.address , 0.006,webevent.view.alerts.page webevent.view.payment.activity , 0.006,webstc.chat-ignore webstc.faq , 0.005,webevent.view.payment.activity webevent.view.alerts.page , 0.005,webevent.view.transactions.and.details.success webstc.faq , 0.005,webstc.balance.transfer webstc.faq , 0.005,agent.view.statements agent.view.collections.information , 0.004,alerts.delivered web.entry , 0.004,webevent.view.alerts.page webevent.view.statements.page , 0.004,webstc.view.rewards.summary agent.exit , 0.004,webstc.faq webstc.browse.us.cards , 0.004,webevent.view.alerts.page webstc.view.text.messaging.page , 0.003,agent.collections.-.promise.to.pay agent.view.collections.information , 0.003,webstc.faq webstc.online.application , 0.003,webevent.make.a.payment.success webstc.error , 0.003,web.entry webstc.faq , 0.003,webevent.view.make.a.payment webevent.view.alerts.page , 0.003,webevent.modify.alerts.success webstc.view/edit/add.alert.contact.points , 0.002,webevent.make.a.payment.failure webevent.view.payment.activity , 0.002,agent.entry agent.view.collections.information, 0.002
13,webevent.system.retrieve.default.email.address webevent.view.statements.page ,0.147,webevent.view.statements.page webstc.view/print/download.monthly.statement , 0.083,webevent.login webevent.view.account.summary.success , 0.075,webevent.view.transactions.and.details.success webevent.system.retrieve.default.email.address , 0.065,web.entry webevent.login , 0.060,webevent.view.account.summary.success webevent.system.retrieve.default.email.address , 0.057,journey.entry web.entry , 0.055,web.exit journey.exit , 0.050,webevent.view.account.summary.success ivr.entry , 0.040,tsys.fraud.-.transactions tsys.fraud.-.transactions , 0.036,webevent.system.retrieve.default.email.address web.exit , 0.020,webevent.make.a.payment.failure webevent.view.make.a.payment , 0.018,webstc.manage.rewards webevent.view.transactions.and.details.success , 0.017,webevent.system.retrieve.default.email.address webevent.view.transactions.and.details.success , 0.016,webevent.view.statements.page webevent.open.statement.success , 0.015,webstc.view/print/download.monthly.statement webevent.view.transactions.and.details.success , 0.010,ivr.exit web.exit , 0.009,tsys.verification.-.cvvs tsys.balance.transfer , 0.008,webevent.open.statement.success web.exit , 0.008,webevent.view.account.summary.success webstc.view.lost.stolen.page , 0.008,webevent.view.make.a.payment webevent.system.retrieve.default.email.address , 0.007,tsys.balance.transfer webstc.balance.transfer.-approved , 0.007,webstc.balance.transfer tsys.verification.-.cvvs , 0.007,webevent.view.payment.activity webevent.make.a.payment.failure , 0.007,webevent.make.a.payment.success webevent.system.retrieve.default.email.address , 0.006,webstc.balance.transfer webstc.balance.transfer.-approved , 0.006,webstc.balance.transfer.-approved webstc.balance.transfer , 0.006,webstc.view.rewards.summary webevent.system.retrieve.default.email.address , 0.006,tsys.balance.transfer marketing , 0.005,webevent.view.make.a.payment ivr.entry , 0.005,webstc.balance.transfer.-approved web.exit , 0.005,marketing webstc.balance.transfer.-approved , 0.005,webstc.balance.transfer tsys.balance.transfer , 0.005,marketing tsys.balance.transfer , 0.005,tsys.balance.transfer tsys.verification.-.cvvs , 0.004,ivr.entry webevent.view.transactions.and.details.success , 0.004,webstc.balance.transfer marketing , 0.004,webstc.error webstc.balance.transfer , 0.004,webevent.view.replacement.card.page webevent.request.replacement.card.success , 0.003,webevent.make.a.payment.success webevent.make.a.payment.failure , 0.003,tsys.card.request web.exit , 0.003,webstc.balance.transfer.-approved webevent.login , 0.003,tsys.number.of.cards web.exit , 0.002,ivr.entry web.exit , 0.002,webevent.view.transactions.and.details.success ivr.proactive.balance , 0.002,webevent.request.replacement.card.success tsys.card.request , 0.002,webevent.request.replacement.card.success tsys.photo.card.indicator , 0.002,webevent.request.replacement.card.success tsys.number.of.cards , 0.002,tsys.financial.adjustment tsys.fraud.-.transactions , 0.002,webstc.view.text.messaging.page web.exit, 0.002
14,mobile.entry mobileevent.login.with.password.success ,0.176,web.exit mobile.entry , 0.157,mobileevent.login.with.password.success mobileevent.view.account.summary.success , 0.126,mobileevent.view.account.summary.success mobile.exit , 0.118,mobile.exit journey.exit , 0.100,mobile.exit mobile.entry , 0.082,mobileevent.login.with.password.success mobileevent.answer.security.question , 0.045,mobile.entry mobile.exit , 0.031,mobileevent.answer.security.question mobileevent.answer.security.question.success , 0.018,mblstc.error mobile.exit , 0.017,agent.entry agent.view.authorization , 0.015,webevent.view.account.summary.success mobile.entry , 0.015,mobileevent.view.account.summary.success mobileevent.decline.sureswipe.enrollment.intercept , 0.012,mobileevent.decline.sureswipe.enrollment.intercept mobile.exit , 0.010,mobile.entry mblstc.error , 0.009,mobileevent.answer.security.question mobileevent.answer.security.question.failure , 0.009,chordiant agent.entry , 0.007,mobileevent.view.transactions.and.details mobileevent.view.rewards , 0.007,mobileevent.answer.security.question.failure mobileevent.answer.security.question , 0.005,mobileevent.view.account.summary.success mblstc.error , 0.003,mobileevent.view.rewards mobile.entry , 0.003,mobileevent.view.rewards mobileevent.login.with.password.success , 0.002,mobileevent.login.with.password.failure mobileevent.login.with.password.success , 0.002,mobileevent.answer.security.question mobileevent.login.with.password.success , 0.001,agent.view.history tsys.fraud.-.watch , 0.001,mblstc.error mobile.entry , 0.001,mobileevent.view.rewards mblstc.error , 0.001,mobile.exit webevent.view.payment.activity , 0.001,tsys.fraud.-.watch agent.view.history , 0.001,chordiant mobile.entry , 0.001,mobile.exit mblstc.error , 0.001,agent.exit tsys.fraud.-.watch , 0.001,mobileevent.decline.sureswipe.enrollment.intercept mobile.entry , 0.001,mblstc.contact.us agent.entry , 0.001,ivr.exit mobileevent.login.with.password.success , 0.001,mblstc.error mobileevent.view.rewards , 0.001,webstc.search mobile.entry , 0.001,mobile.entry ivr.entry , 0.000,mobileevent.decline.sureswipe.enrollment.intercept mblstc.error , 0.000,webevent.view.account.summary.success mobileevent.login.with.password.success , 0.000,reward chordiant , 0.000,tsys.credit.revoked tsys.fraud.-.watch , 0.000,mobileevent.login.with.password.success mobileevent.answer.security.question.success , 0.000,tsys.correspondence mobile.entry , 0.000,mblstc.error mobileevent.view.transactions.and.details , 0.000,agent.exit mobileevent.login.with.password.success , 0.000,webstc.chat-ignore marketing , 0.000,webevent.view.due.date.page web.entry , 0.000,reward declined , 0.000,reward reward, 0.000
15,mobile.entry mobileevent.login.with.sureswipe.success ,0.209,mobileevent.login.with.sureswipe.success mobileevent.view.account.summary.success , 0.200,mobile.exit mobile.entry , 0.096,mobileevent.view.account.summary.success mobile.exit , 0.072,mobileevent.view.account.summary.success mobileevent.view.transactions.and.details , 0.057,mobileevent.view.transactions.and.details mobileevent.view.make.a.payment , 0.053,mobileevent.view.make.a.payment mobile.exit , 0.045,mobile.exit journey.exit , 0.044,mobileevent.view.rewards mobile.exit , 0.026,mobileevent.view.transactions.and.details mobile.exit , 0.023,mobileevent.view.account.summary.success mobileevent.view.make.a.payment , 0.020,tsys.balance.transfer tsys.balance.transfer , 0.019,tsys.verification.-.cvvs tsys.verification.-.cvvs , 0.018,mobileevent.view.make.a.payment mobileevent.view.transactions.and.details , 0.018,mobileevent.view.account.summary.success mobileevent.view.rewards , 0.014,mobileevent.view.make.a.payment mobileevent.view.rewards , 0.013,webevent.view.account.summary.success webstc.faq , 0.008,tsys.fraud.-.watch agent.exit , 0.008,mobileevent.view.rewards mobileevent.view.make.a.payment , 0.007,mobileevent.view.rewards mobileevent.view.transactions.and.details , 0.005,webstc.error agent.entry , 0.004,mobileevent.view.payment.activity mobileevent.view.transactions.and.details , 0.004,mobileevent.view.account.summary.success mobileevent.login.with.password.success , 0.003,agent.entry tsys.fraud.-.watch , 0.002,ivr.entry agent.exit , 0.002,mobileevent.view.activate.card mobile.exit , 0.002,tsys.verification.-.card.receipt journey.exit , 0.002,ivr.proactive.balance ivr.recent.payments , 0.001,mblstc.error mobileevent.login.with.password.success , 0.001,tsys.verification.-.cvvs journey.exit , 0.001,tsys.balance.transfer.-.deleted journey.exit , 0.001,mobileevent.view.account.summary.success mobileevent.view.activate.card , 0.001,agent.exit ivr.proactive.balance , 0.001,mobileevent.view.account.summary.success mobileevent.login.with.sureswipe.success , 0.001,ivr.recent.payments ivr.disp.completed.call , 0.001,webstc.view/print/download.statement.and.documents webstc.chat-reactive , 0.001,mobileevent.view.make.a.payment mobileevent.view.activate.card , 0.001,webstc.manage.rewards mobile.entry , 0.001,mobile.entry web.exit , 0.001,ivr.entry ivr.balance.details , 0.001,mobileevent.view.activate.card mobileevent.view.rewards , 0.000,chordiant mobile.entry , 0.000,mobileevent.view.make.a.payment mobileevent.login.with.sureswipe.success , 0.000,reward declined , 0.000,reward reward , 0.000,mobileevent.login.with.password.success mblstc.error , 0.000,mobile.exit chordiant , 0.000,mobileevent.view.activate.card mobileevent.view.make.a.payment , 0.000,agent.entry mobile.entry , 0.000,mobileevent.view.transactions.and.details mobileevent.login.with.sureswipe.success, 0.000
16,webevent.view.statements.page webevent.system.retrieve.default.email.address ,0.125,webevent.system.retrieve.default.email.address webstc.view/print/download.monthly.statement , 0.121,webevent.login webevent.view.account.summary.success , 0.101,web.entry webevent.login , 0.069,web.exit journey.exit , 0.057,webstc.view/print/download.monthly.statement webevent.open.statement.success , 0.055,webevent.view.transactions.and.details.success webevent.view.statements.page , 0.051,journey.entry web.entry , 0.045,webevent.view.account.summary.success webevent.view.transactions.and.details.success , 0.040,webstc.view/print/download.monthly.statement webevent.view.transactions.and.details.success , 0.032,webstc.view/print/download.monthly.statement web.exit , 0.025,webevent.view.account.summary.success webevent.view.statements.page , 0.024,webevent.view.transactions.and.details.success webstc.view/print/download.monthly.statement , 0.022,webevent.open.statement.success webstc.view/print/download.monthly.statement , 0.020,webstc.view/print/download.monthly.statement webevent.system.retrieve.default.email.address , 0.019,webevent.open.statement.success web.exit , 0.015,webstc.view/print/download.monthly.statement webevent.login , 0.013,webevent.view.account.summary.success webstc.chat-reactive , 0.012,webstc.view/print/download.year.end.statement. webevent.open.statement.success , 0.010,webevent.view.statements.page webstc.view/print/download.year.end.statement. , 0.009,webevent.view.transactions.and.details.success web.exit , 0.009,webevent.open.statement.success webevent.view.transactions.and.details.success , 0.008,webevent.open.statement.success webevent.view.statements.page , 0.007,web.exit webevent.login , 0.007,webevent.open.statement.success webevent.system.retrieve.default.email.address , 0.007,webstc.view/print/download.monthly.statement webstc.view.rewards.summary , 0.005,webstc.view/print/download.year.end.statement. webevent.view.statements.page , 0.005,webevent.view.account.summary.success webstc.rewards.learn.pages , 0.005,webstc.chat-reactive web.exit , 0.004,webstc.view.rewards.summary webevent.view.statements.page , 0.003,web.exit alerts.delivered , 0.003,webevent.login.failure webevent.view.account.summary.success , 0.003,webstc.chat-reactive webevent.view.transactions.and.details.success , 0.003,webevent.login webevent.login.failure , 0.003,alerts.delivered journey.exit , 0.002,webstc.view/redeem.rewards webevent.view.statements.page , 0.002,webstc.chat-reactive webevent.login , 0.002,webstc.rewards.learn.pages webevent.login , 0.002,webstc.view/print/download.monthly.statement webstc.view/print/download.year.end.statement. , 0.002,webevent.open.statement.success webevent.view.payment.activity , 0.002,webstc.request.clip.-declined webevent.view.transactions.and.details.success , 0.002,webevent.system.retrieve.default.email.address webevent.view.account.summary.success , 0.002,agent.1 agent.view.history , 0.002,webevent.view.payment.activity webstc.chat-reactive , 0.001,webevent.open.statement.success ivr.entry , 0.001,webevent.open.statement.success agent.entry , 0.001,webstc.rewards.learn.pages webevent.view.transactions.and.details.success , 0.001,webevent.view.make.a.payment webstc.chat-reactive , 0.001,webstc.online.application webevent.login , 0.001,webstc.error webevent.view.transactions.and.details.success, 0.001
17,tsys.update.mailing.address tsys.returned.mail ,0.101,tsys.returned.mail tsys.update.mailing.address , 0.096,tsys.update.mailing.address tsys.update.mailing.address , 0.079,journey.entry tsys.card.request , 0.063,webevent.login webevent.view.account.summary.success , 0.059,mobile.exit webevent.login , 0.050,web.entry webevent.login , 0.040,journey.entry web.entry , 0.032,tsys.update.mailing.address webevent.update.mailing.address.success , 0.031,tsys.update.mailing.address journey.exit , 0.028,tsys.card.request tsys.update.email.address , 0.026,webevent.update.mailing.address.success tsys.update.mailing.address , 0.025,web.exit journey.exit , 0.025,webevent.update.mailing.address.success tsys.returned.mail , 0.022,webevent.view.account.summary.success webevent.system.retrieve.default.email.address , 0.020,webevent.system.retrieve.default.email.address tsys.update.mailing.address , 0.020,tsys.update.email.address mobile.entry , 0.019,tsys.returned.mail tsys.returned.mail , 0.014,ivr.redeem.rewards agent.entry , 0.012,tsys.change.payment.due.date tsys.update.mailing.address , 0.012,tsys.returned.mail web.exit , 0.011,tsys.returned.mail webevent.update.mailing.address.success , 0.011,tsys.update.mailing.address tsys.change.payment.due.date , 0.010,tsys.update.mailing.address web.exit , 0.009,webstc.chat-reject webevent.login , 0.009,ivr.rewards ivr.redeem.rewards , 0.009,tsys.change.payment.due.date tsys.returned.mail , 0.008,webevent.system.retrieve.default.email.address webevent.update.mailing.address.success , 0.008,tsys.card.request mobile.entry , 0.008,ivr.entry ivr.redeem.rewards , 0.007,tsys.returned.mail tsys.change.payment.due.date , 0.007,agent.update.personal.information agent.update.personal.information , 0.005,webevent.system.retrieve.default.email.address tsys.returned.mail , 0.005,mobile.exit tsys.update.mailing.address , 0.005,tsys.card.request ivr.entry , 0.004,webevent.update.mailing.address.success tsys.change.payment.due.date , 0.004,webstc.chat-reject webstc.online.application , 0.004,webevent.view.payment.activity mobile.entry , 0.003,tsys.returned.mail webevent.system.retrieve.default.email.address , 0.003,webevent.view.account.summary.success tsys.update.mailing.address , 0.003,webstc.already.enrolled webevent.login , 0.003,tsys.update.email.address tsys.update.mailing.address , 0.003,ivr.redeem.rewards ivr.exit , 0.003,tsys.update.email.address agent.entry , 0.002,tsys.update.mailing.address webevent.system.retrieve.default.email.address , 0.002,tsys.returned.mail webevent.view.statement.and.document.delivery.preferences , 0.002,webevent.view.account.summary.success tsys.returned.mail , 0.002,tsys.returned.mail webevent.login , 0.002,agent.1 tsys.verification.-.cvvs , 0.002,web.entry webstc.already.enrolled, 0.002
18,webevent.view.make.a.payment webevent.view.payment.activity ,0.174,webevent.login webevent.view.account.summary.success , 0.125,webevent.view.payment.activity webevent.make.a.payment.success , 0.125,webevent.view.account.summary.success webevent.view.make.a.payment , 0.084,web.entry webevent.login , 0.078,web.exit journey.exit , 0.070,webevent.view.payment.activity webevent.view.make.a.payment , 0.056,journey.entry web.entry , 0.051,webevent.view.transactions.and.details.success webevent.view.make.a.payment , 0.035,webevent.make.a.payment.success web.exit , 0.034,webevent.view.payment.activity web.exit , 0.024,webevent.make.a.payment.success webevent.view.payment.activity , 0.022,webevent.view.make.a.payment webevent.view.transactions.and.details.success , 0.020,webevent.make.a.payment.success webevent.view.transactions.and.details.success , 0.016,webevent.view.account.summary.success webevent.view.payment.activity , 0.015,webevent.view.make.a.payment web.exit , 0.014,webevent.make.a.payment.success webevent.view.make.a.payment , 0.011,webevent.view.payment.activity webevent.login , 0.011,webevent.view.make.a.payment webevent.login , 0.005,webevent.view.payment.activity webevent.schedule.autopay.success , 0.003,webevent.view.make.a.payment web.entry , 0.002,mobileevent.view.make.a.payment mblstc.view.services , 0.002,webevent.delete.bank.profile.success webevent.view.make.a.payment , 0.002,webevent.view.make.a.payment webevent.delete.bank.profile.success , 0.001,webevent.schedule.autopay.success webevent.view.payment.activity , 0.001,webstc.view.credit.line.increase.page webevent.view.make.a.payment , 0.001,webstc.manage.rewards webevent.view.make.a.payment , 0.001,webevent.delete.payment.success webevent.view.make.a.payment , 0.001,webstc.balance.transfer webstc.chat-ignore , 0.001,webstc.error webevent.view.make.a.payment , 0.001,webstc.view/print/download.statement.and.documents webevent.view.make.a.payment , 0.001,webevent.view.make.a.payment webevent.update.bank.profile.failure , 0.001,webstc.chat-reactive webevent.view.payment.activity , 0.001,agent.exit ivr.disp.agent.transfer , 0.001,webevent.update.bank.profile.failure webevent.view.make.a.payment , 0.001,webstc.chat-reactive webevent.view.make.a.payment , 0.001,tsys.change.payment.due.date webevent.view.payment.activity , 0.001,webevent.make.a.payment.success webstc.chat-reactive , 0.000,webevent.view.payment.activity webstc.browse.us.cards , 0.000,webstc.balance.transfer webevent.view.make.a.payment , 0.000,webevent.view.payment.activity webevent.delete.bank.profile.success , 0.000,webstc.rewards.learn.pages webevent.view.make.a.payment , 0.000,webevent.make.a.payment.success ivr.entry , 0.000,webevent.view.payment.activity webstc.chat-reject , 0.000,webevent.make.a.payment.success webevent.view.alerts.page , 0.000,webevent.make.a.payment.success webstc.rewards.learn.pages , 0.000,webevent.transaction.download.success webevent.view.make.a.payment , 0.000,webevent.make.a.payment.success mobile.entry , 0.000,webevent.modify.payment.success webevent.login , 0.000,webstc.request.clip.-approval.turn.down webevent.view.make.a.payment, 0.000
19,agent.exit web.exit ,0.098,web.exit agent.exit , 0.055,webstc.chat-reactive agent.entry , 0.052,webevent.view.transactions.and.details.success ivr.entry , 0.049,webevent.make.a.payment.success webstc.view/redeem.rewards , 0.039,webevent.view.transactions.and.details.success agent.entry , 0.038,webevent.view.payment.activity webevent.modify.payment.success , 0.038,webevent.view.account.summary.success agent.entry , 0.031,web.exit declined , 0.028,declined journey.exit , 0.027,webevent.modify.payment.success webevent.view.payment.activity , 0.024,agent.entry agent.exit , 0.022,declined declined , 0.020,webstc.chat-proactive agent.entry , 0.018,tsys.disputes.-.added tsys.financial.adjustment , 0.016,declined web.entry , 0.015,agent.view.statements web.exit , 0.014,agent.view.statements tsys.disputes.-.added , 0.011,webevent.view.transactions.and.details.success agent.view.statements , 0.010,tsys.disputes.-.added tsys.chargeback , 0.009,agent.view.statements webevent.view.transactions.and.details.success , 0.009,agent.exit tsys.disputes.-.resolved , 0.008,webevent.open.secured.message.success webevent.view.transactions.and.details.success , 0.007,ivr.exit webevent.view.transactions.and.details.success , 0.007,tsys.disputes.-.resolved agent.exit , 0.007,agent.entry web.exit , 0.006,webevent.view.transactions.and.details.success agent.exit , 0.006,tsys.financial.adjustment agent.view.personal.information , 0.006,agent.view.history web.exit , 0.006,web.exit agent.view.statements , 0.005,chordiant tsys.disputes.-.added , 0.005,chordiant journey.exit , 0.005,web.exit agent.view.payment.history , 0.005,agent.view.statements webevent.view.make.a.payment , 0.005,webstc.chat-reject agent.entry , 0.005,agent.view.personal.information tsys.disputes.-.added , 0.005,agent.entry webevent.view.transactions.and.details.success , 0.004,tsys.disputes.-.resolved journey.exit , 0.004,agent.view.payment.history web.exit , 0.004,agent.exit declined , 0.004,tsys.chargeback agent.view.statements , 0.004,webstc.online.application webstc.application.pending.approval , 0.004,webstc.rewards.learn.pages agent.entry , 0.004,agent.view.statements webevent.view.payment.activity , 0.004,webstc.view/print/download.monthly.statement agent.view.statements , 0.004,agent.view.personal.information tsys.disputes.-.resolved , 0.004,agent.view.payment.history webevent.view.payment.activity , 0.004,agent.entry webevent.login , 0.004,agent.view.product.information web.exit , 0.004,webstc.view.rewards.summary agent.entry, 0.003
20,webevent.login webevent.view.account.summary.success ,0.279,web.entry webevent.login , 0.154,webevent.view.account.summary.success webevent.view.transactions.and.details.success , 0.112,web.exit journey.exit , 0.078,journey.entry web.entry , 0.069,webevent.view.transactions.and.details.success web.exit , 0.054,webevent.view.account.summary.success web.exit , 0.042,webevent.view.transactions.and.details.success webevent.login , 0.040,web.exit web.exit , 0.037,webevent.view.account.summary.success webstc.view/redeem.rewards , 0.018,webevent.view.account.summary.success web.entry , 0.017,webevent.view.account.summary.success webstc.link.accounts , 0.013,webevent.make.a.payment.success webevent.login , 0.012,webevent.view.transactions.and.details.success web.entry , 0.010,webstc.link.accounts webevent.view.account.summary.success , 0.009,webstc.view/redeem.rewards webevent.login , 0.005,webevent.view.payment.activity webevent.login , 0.005,agent.exit webevent.login , 0.005,webstc.view/redeem.rewards webstc.rewards.learn.pages , 0.004,webevent.view.alerts.page web.exit , 0.002,webevent.view.account.summary.success webstc.activation , 0.002,webevent.view.transactions.and.details.success webevent.view.alerts.page , 0.002,webstc.view/print/download.monthly.statement web.entry , 0.002,webstc.activation tsys.verification.-.cvvs , 0.001,web.exit webstc.view.rewards.summary , 0.001,webstc.view/redeem.rewards web.entry , 0.001,tsys.verification.-.cvvs tsys.verification.-.card.receipt , 0.001,webstc.view.rewards.summary web.entry , 0.001,webstc.link.accounts webevent.login , 0.001,web.exit webstc.view/redeem.rewards , 0.001,tsys.verification.-.card.receipt webevent.login , 0.001,webstc.link.accounts webevent.view.make.a.payment , 0.001,webevent.view.transactions.and.details.success webstc.activation , 0.001,webstc.link.accounts tsys.update.email.address , 0.001,agent.exit webevent.view.transactions.and.details.success , 0.001,webstc.error web.entry , 0.001,webstc.rewards.search webevent.login , 0.000,webevent.view.account.summary.success webevent.online.enrollment.failure , 0.000,web.exit webstc.view/print/download.monthly.statement , 0.000,webstc.manage.rewards web.entry , 0.000,webstc.chat-reactive webevent.view.account.summary.success , 0.000,tsys.financial.adjustment web.entry , 0.000,webstc.balance.transfer.-no.offer.available. webevent.login , 0.000,webevent.online.enrollment.failure webstc.link.accounts , 0.000,chordiant webevent.login , 0.000,webevent.send.secured.message.success agent.entry , 0.000,webevent.system.retrieve.default.email.address web.entry , 0.000,webevent.transaction.download.success web.entry , 0.000,webstc.link.accounts webevent.view.statement.and.document.delivery.preferences , 0.000,webstc.search webevent.view.account.summary.success, 0.000
21,webstc.view/print/download.monthly.statement webevent.open.statement.success ,0.316,webevent.open.statement.success webstc.view/print/download.monthly.statement , 0.271,webevent.view.statements.page webstc.view/print/download.monthly.statement , 0.131,webstc.view/print/download.monthly.statement webevent.view.make.a.payment , 0.050,webstc.view/print/download.monthly.statement webevent.view.payment.activity , 0.042,webevent.view.payment.activity webevent.view.statements.page , 0.028,webstc.view/print/download.monthly.statement web.exit , 0.025,agent.entry agent.view.history , 0.025,webevent.view.make.a.payment webevent.view.statements.page , 0.018,webevent.open.statement.success webevent.view.make.a.payment , 0.014,webevent.view.make.a.payment webstc.view/print/download.monthly.statement , 0.014,webstc.view/print/download.monthly.statement webevent.login , 0.013,webevent.make.a.payment.success webevent.view.statements.page , 0.012,web.entry webstc.view/redeem.rewards , 0.006,webevent.open.statement.success web.exit , 0.005,web.entry webevent.view.payment.activity , 0.003,agent.view.statements webstc.view/print/download.monthly.statement , 0.003,webstc.view/redeem.rewards webstc.view/print/download.monthly.statement , 0.002,webstc.view.lost.stolen.page webevent.view.statements.page , 0.002,ivr.balance.details ivr.recent.transactions , 0.001,webevent.open.statement.success webstc.browse.us.cards , 0.001,webstc.link.accounts webevent.view.statements.page , 0.001,agent.view.history tsys.disputes.-.resolved , 0.001,webstc.view/redeem.rewards webevent.use.search.bar.success , 0.001,webevent.transaction.download.success webevent.system.retrieve.default.email.address , 0.001,webevent.open.statement.success mobile.entry , 0.001,webevent.view.transactions.and.details.success webevent.open.statement.success , 0.001,agent.submit.work.entry web.exit , 0.000,webevent.open.statement.success agent.view.statements , 0.000,webstc.view/print/download.monthly.statement agent.exit , 0.000,webevent.open.statement.success agent.view.payment.history , 0.000,agent.exit webevent.open.statement.success , 0.000,webevent.open.statement.success agent.view.history , 0.000,webevent.open.statement.success webstc.view.lost.stolen.page , 0.000,tsys.close.account tsys.close.account , 0.000,webevent.view.authorized.users webstc.view/print/download.monthly.statement , 0.000,agent.2 webstc.view/print/download.monthly.statement , 0.000,agent.view.history webevent.view.statements.page , 0.000,webevent.open.statement.success agent.lost.stolen.replacement.card , 0.000,webstc.set.display.preference. webevent.system.retrieve.default.email.address , 0.000,webstc.request.clip.-judgmental.underwriting webevent.view.statements.page , 0.000,tsys.close.account journey.exit , 0.000,webstc.view/print/download.monthly.statement marketing , 0.000,webstc.view/print/download.monthly.statement ivr.entry , 0.000,ivr.exit webstc.chat-reactive , 0.000,agent.lost.stolen.replacement.card webstc.browse.us.cards , 0.000,webevent.open.statement.success agent.view.authorization , 0.000,webstc.view/print/download.monthly.statement webstc.view.text.messaging.page , 0.000,declined webstc.browse.us.cards , 0.000,webevent.open.statement.success ivr.disp.agent.transfer, 0.000
22,webevent.login webevent.view.account.summary.success ,0.141,web.entry webevent.login , 0.098,web.exit journey.exit , 0.088,journey.entry web.entry , 0.050,webevent.view.transactions.and.details.success webevent.view.payment.activity , 0.049,webevent.view.account.summary.success webstc.view.rewards.summary , 0.044,webevent.view.payment.activity webevent.view.transactions.and.details.success , 0.036,webstc.view/redeem.rewards web.exit , 0.032,webevent.view.account.summary.success webevent.view.transactions.and.details.success , 0.032,webstc.view.rewards.summary webstc.view/redeem.rewards , 0.027,webstc.view.rewards.summary web.exit , 0.023,webevent.view.transactions.and.details.success webstc.view.rewards.summary , 0.021,webevent.view.account.summary.success webevent.view.payment.activity , 0.020,webevent.view.account.summary.success webevent.view.statement.and.document.delivery.preferences , 0.016,webevent.view.transactions.and.details.success web.exit , 0.016,webevent.view.payment.activity web.exit , 0.015,web.entry webstc.error , 0.014,webstc.view/redeem.rewards webstc.rewards.search , 0.013,webstc.view/redeem.rewards webstc.view.rewards.summary , 0.013,webstc.manage.rewards webstc.view/redeem.rewards , 0.012,webevent.request.credit.limit.increase webstc.request.clip.-declined , 0.011,webevent.view.account.summary.success webstc.manage.rewards , 0.010,webstc.view/redeem.rewards webstc.manage.rewards , 0.008,webstc.manage.rewards webstc.rewards.learn.pages , 0.007,webstc.rewards.learn.pages webstc.manage.rewards , 0.007,webstc.manage.rewards web.exit , 0.006,webstc.view/redeem.rewards webevent.login , 0.006,webstc.manage.rewards webstc.view.rewards.summary , 0.005,webstc.view/print/download.statement.and.documents webevent.view.statements.page , 0.005,webstc.view.credit.line.increase.page webevent.request.credit.limit.increase , 0.005,webevent.view.payment.activity webstc.view.rewards.summary , 0.005,webevent.view.transactions.and.details.success webstc.change.image.on.card , 0.004,webevent.view.make.a.payment webstc.view.rewards.summary , 0.004,tsys.statement.suppression webevent.view.account.summary.success , 0.004,webevent.view.payment.activity web.entry , 0.004,webevent.view.payment.activity webstc.view/redeem.rewards , 0.003,webevent.view.account.summary.success webstc.chat-proactive , 0.003,webstc.view/print/download.statement.and.documents webevent.view.statement.and.document.delivery.preferences , 0.003,webstc.view/redeem.rewards webevent.view.payment.activity , 0.003,webstc.request.clip.-approved.-accepted webevent.view.account.summary.success , 0.003,webevent.view.statement.and.document.delivery.preferences webevent.modify.statement.and.document.delivery.preferences , 0.003,webevent.modify.statement.and.document.delivery.preferences webevent.view.account.summary.success , 0.003,webstc.view/print/download.statement.and.documents webevent.view.transactions.and.details.success , 0.003,webstc.view.credit.line.increase.page webstc.request.clip.-approved.-accepted , 0.003,webstc.rewards.learn.pages webstc.view.rewards.summary , 0.003,webstc.rewards.search web.exit , 0.003,webstc.view/print/download.monthly.statement webstc.view/redeem.rewards , 0.002,webstc.change.image.on.card web.exit , 0.002,webevent.view.statements.page webstc.view/print/download.statement.and.documents , 0.002,webevent.view.account.summary.success webevent.open.secured.message.success, 0.002
23,journey.entry reward ,0.509,reward web.entry , 0.370,reward reward , 0.044,mobileevent.answer.security.question.success mobile.exit , 0.011,mobileevent.answer.security.question mobileevent.answer.security.question.success , 0.011,reward declined , 0.005,mobileevent.login.with.sureswipe.success mobileevent.answer.security.question , 0.005,mobile.exit declined , 0.004,tsys.update.phone.number tsys.update.mailing.address , 0.003,tsys.verification.-.card.receipt tsys.pin.-.change , 0.003,reward agent.entry , 0.003,ivr.disp.abandoned.call ivr.exit , 0.002,ivr.entry ivr.disp.abandoned.call , 0.002,marketing webstc.promotional.offer.eligilbility , 0.002,tsys.update.mailing.address tsys.update.phone.number , 0.001,tsys.verification.-.cvvs tsys.verification.-.card.receipt , 0.001,reward chordiant , 0.001,agent.view.payment.history tsys.promise.to.pay , 0.001,ivr.update.account agent.entry , 0.001,tsys.update.mailing.address mobile.entry , 0.001,agent.collections.-.promise.to.pay agent.view.payment.history , 0.001,ivr.proactive.balance ivr.update.account , 0.001,tsys.update.mailing.address web.entry , 0.001,reward alerts.delivered , 0.001,mobileevent.answer.security.question mobile.exit , 0.001,webevent.add.authorized.user.success tsys.account.relationship , 0.000,tsys.pin.-.change agent.entry , 0.000,mobileevent.view.account.summary.success mobileevent.answer.security.question.success , 0.000,ivr.pin.change tsys.verification.-.cvvs , 0.000,ivr.activation tsys.verification.-.cvvs , 0.000,ivr.entry ivr.pin.change , 0.000,ivr.update.account ivr.update.account , 0.000,mobileevent.answer.security.question mobileevent.view.account.summary.success , 0.000,journey.entry tsys.insurance.-.claim , 0.000,webstc.search webevent.view.authorized.users , 0.000,webstc.chat-reactive webstc.error , 0.000,ivr.update.account ivr.disp.agent.transfer , 0.000,webstc.view.rewards.summary webstc.customize.my.shortcut , 0.000,agent.1 ivr.update.account , 0.000,tsys.pin.-.change web.exit , 0.000,reward tsys.verification.-.cvvs , 0.000,tsys.verification.-.card.receipt ivr.entry , 0.000,reward tsys.fraud.-.lsrp , 0.000,webstc.view/redeem.rewards webevent.make.a.payment.success , 0.000,mobileevent.answer.security.question mblstc.security.info , 0.000,tsys.credit.limit.change agent.offer.accepted , 0.000,webevent.view.authorized.users tsys.pin.-.change , 0.000,ivr.pin.change agent.entry , 0.000,webstc.view/redeem.rewards chordiant , 0.000,webstc.view/redeem.rewards webstc.set.overlimit.preference, 0.000
24,webstc.view.credit.line.increase.page webstc.request.clip.-declined ,0.103,webstc.request.clip.-declined web.exit , 0.092,webevent.view.transactions.and.details.success webstc.view.credit.line.increase.page , 0.090,webevent.make.a.payment.success webstc.view.rewards.summary , 0.073,journey.entry web.entry , 0.045,webstc.request.clip.-declined webstc.view.credit.line.increase.page , 0.042,web.exit journey.exit , 0.039,webstc.online.application web.exit , 0.036,webstc.browse.us.cards webstc.online.application , 0.035,web.entry webstc.activation , 0.031,web.entry webstc.view.rewards.summary , 0.026,webevent.view.transactions.and.details.failure webevent.view.payment.activity , 0.025,webstc.online.application webstc.browse.us.cards , 0.021,webstc.activation web.exit , 0.018,agent.exit webstc.view/redeem.rewards , 0.015,ivr.proactive.balance ivr.clip , 0.013,tsys.close.account tsys.correspondence , 0.012,ivr.clip ivr.disp.completed.call , 0.012,ivr.clip ivr.clip , 0.012,webevent.view.make.a.payment agent.entry , 0.011,webevent.make.a.payment.success webstc.view/print/download.monthly.statement , 0.010,web.entry webstc.browse.us.cards , 0.010,webstc.browse.us.cards webstc.chat-ignore , 0.010,webstc.view/print/download.monthly.statement webstc.view.credit.line.increase.page , 0.009,webstc.chat-proactive webstc.online.application , 0.006,webstc.browse.us.cards webstc.error , 0.006,webstc.chat-ignore webstc.browse.us.cards , 0.005,tsys.pin.-.change tsys.photo.card.indicator , 0.005,webstc.chat-reactive webstc.view.credit.line.increase.page , 0.005,mobileevent.view.account.summary.success mobileevent.reset.sureswipe.pattern.success , 0.005,webstc.faq ivr.entry , 0.004,web.exit webstc.request.clip.-declined , 0.004,webstc.chat-proactive webstc.browse.us.cards , 0.004,webstc.request.clip.-declined webevent.request.credit.limit.increase , 0.004,webstc.browse.us.cards webstc.chat-proactive , 0.003,webstc.request.clip.-declined webstc.view/print/download.monthly.statement , 0.003,webstc.view/redeem.rewards webstc.chat-ignore , 0.003,webstc.request.clip.-declined webevent.view.account.summary.success , 0.003,webevent.view.make.a.payment declined , 0.003,ivr.entry ivr.clip , 0.003,ivr.clip marketing , 0.003,webstc.request.clip.-declined webstc.chat-reject , 0.003,webstc.view.rewards.summary webstc.activation , 0.002,tsys.change.payment.due.date webstc.view.credit.line.increase.page , 0.002,webevent.view.account.summary.success webevent.view.transactions.and.details.failure , 0.002,webstc.request.clip.-declined webstc.chat-reactive , 0.002,ivr.exit webstc.view.rewards.summary , 0.002,webstc.chat-proactive webevent.send.secured.message.success , 0.002,webevent.view.payment.activity ivr.proactive.balance , 0.002,webstc.browse.us.cards agent.exit, 0.002
25,webevent.view.account.summary.success webstc.view.credit.line.increase.page ,0.108,webstc.view.credit.line.increase.page webevent.request.credit.limit.increase , 0.097,webevent.request.credit.limit.increase webstc.request.clip.-approved.-accepted , 0.078,webevent.view.account.summary.success webstc.request.clip.-approved.-accepted , 0.056,webevent.view.transactions.and.details.success webstc.view/redeem.rewards , 0.055,webevent.request.credit.limit.increase marketing , 0.046,webstc.request.clip.-approved.-accepted webevent.request.credit.limit.increase , 0.039,tsys.credit.limit.change tsys.cash.limit.change , 0.033,tsys.cash.limit.change tsys.credit.limit.change , 0.031,agent.view.history agent.view.statements , 0.031,webstc.rewards.search webstc.view/redeem.rewards , 0.027,marketing tsys.credit.limit.change , 0.024,marketing tsys.cash.limit.change , 0.023,tsys.credit.limit.change webevent.view.account.summary.success , 0.019,webstc.rewards.learn.pages webstc.view/redeem.rewards , 0.019,marketing webevent.view.account.summary.success , 0.018,webstc.request.clip.-approved.-accepted webevent.view.transactions.and.details.success , 0.017,webevent.view.transactions.and.details.failure webevent.view.transactions.and.details.success , 0.016,tsys.credit.limit.change webevent.request.credit.limit.increase , 0.016,web.exit journey.exit , 0.015,webstc.request.clip.-approved.-accepted tsys.credit.limit.change , 0.013,webstc.request.clip.-approved.-accepted webevent.view.make.a.payment , 0.013,journey.entry web.entry , 0.013,webevent.login webevent.view.account.summary.success , 0.011,webstc.request.clip.-approved.-accepted marketing , 0.011,webevent.request.credit.limit.increase webevent.view.account.summary.success , 0.010,webevent.view.account.summary.success webevent.view.transactions.and.details.failure , 0.010,tsys.cash.limit.change webevent.request.credit.limit.increase , 0.010,webevent.view.account.summary.success webevent.request.credit.limit.increase , 0.008,webstc.request.clip.-approved.-accepted webevent.login , 0.007,webevent.request.credit.limit.increase webstc.request.clip.-judgmental.underwriting , 0.005,webevent.modify.payment.success web.exit , 0.004,web.entry webstc.online.application , 0.004,webstc.request.clip.-approved.-accepted webstc.view.credit.line.increase.page , 0.004,webstc.request.clip.-approved.-accepted webevent.view.payment.activity , 0.004,marketing webstc.request.clip.-approved.-accepted , 0.004,webevent.view.account.summary.success marketing , 0.003,webevent.view.payment.activity webevent.view.transactions.and.details.failure , 0.003,webevent.system.retrieve.default.email.address webevent.view.payment.activity , 0.003,webstc.error webstc.online.application , 0.003,webevent.view.account.summary.success webstc.request.clip.-approved.-lower , 0.003,webevent.view.transactions.and.details.success webevent.view.transactions.and.details.failure , 0.003,webstc.online.application webstc.error , 0.003,webstc.view/redeem.rewards webevent.system.retrieve.default.email.address , 0.003,webstc.request.clip.-approved.-accepted webevent.view.statements.page , 0.003,webevent.view.make.a.payment webevent.modify.payment.success , 0.003,tsys.update.email.address webevent.login , 0.002,webstc.view.credit.line.increase.page webevent.view.payment.activity , 0.002,webevent.request.credit.limit.increase webstc.error , 0.002,webevent.request.credit.limit.increase tsys.credit.limit.change, 0.002
26,tsys.update.phone.number tsys.update.phone.number ,0.135,agent.view.statements tsys.financial.adjustment , 0.050,tsys.financial.adjustment agent.financial.adjustments , 0.049,agent.financial.adjustments agent.view.statements , 0.048,webstc.view.credit.line.increase.page webstc.faq , 0.039,webevent.update.phone.number.success tsys.update.phone.number , 0.036,webstc.chat-reject web.exit , 0.028,webstc.faq webstc.view.credit.line.increase.page , 0.027,agent.view.statements agent.view.statements , 0.026,tsys.verification.-.card.receipt tsys.verification.-.cvvs , 0.025,webevent.view.account.summary.success webevent.system.retrieve.default.email.address , 0.025,webstc.activation tsys.verification.-.card.receipt , 0.021,webevent.system.retrieve.default.email.address webevent.update.phone.number.success , 0.020,webstc.balance.transfer webstc.chat-reject , 0.019,ivr.rewards agent.entry , 0.018,tsys.verification.-.cvvs webevent.login , 0.017,agent.view.history agent.view.payment.history , 0.016,agent.view.payment.history agent.view.history , 0.016,webstc.view.credit.line.increase.page webevent.login , 0.014,webstc.chat-reject webstc.balance.transfer , 0.014,agent.view.statements marketing , 0.013,tsys.update.email.address webevent.online.enrollment , 0.012,webevent.online.enrollment webevent.view.account.summary.success , 0.012,webevent.online.enrollment.success tsys.verification.-.cvvs , 0.012,webevent.make.a.payment.success webevent.view.account.summary.success , 0.011,webstc.select.a.promotional.offer webstc.promotional.offer.eligilbility , 0.011,web.entry webevent.online.enrollment.success , 0.011,webstc.browse.us.cards webstc.chat-reject , 0.011,webstc.view.credit.line.increase.page web.exit , 0.010,webevent.modify.statement.and.document.delivery.preferences.success webevent.statement.suppression.enroll.success , 0.010,webevent.statement.suppression.enroll.success webevent.modify.statement.and.document.delivery.preferences.success , 0.009,webevent.view.close.account.page webstc.chat-reject , 0.009,webevent.modify.statement.and.document.delivery.preferences.success tsys.statement.suppression , 0.008,tsys.update.phone.number webevent.update.phone.number.success , 0.008,webevent.view.account.summary.success webevent.view.close.account.page , 0.008,webstc.chat-reject webstc.browse.us.cards , 0.006,tsys.financial.adjustment agent.reset.grace.period , 0.006,agent.reset.grace.period agent.view.statements , 0.006,webstc.search webstc.chat-reject , 0.006,webevent.system.retrieve.default.email.address tsys.update.phone.number , 0.006,tsys.update.email.address webevent.view.account.summary.success , 0.005,mobileevent.enable.sureswipe.success mobileevent.view.transactions.and.details , 0.005,tsys.update.email.address webevent.modify.statement.and.document.delivery.preferences.success , 0.005,web.exit marketing , 0.005,webstc.chat-reject webstc.view.credit.line.increase.page , 0.005,web.exit journey.exit , 0.005,webstc.chat-reject ivr.entry , 0.005,mobileevent.enable.sureswipe.success mobile.exit , 0.004,tsys.update.email.address webevent.update.phone.number.success , 0.004,webevent.system.retrieve.default.email.address webevent.modify.statement.and.document.delivery.preferences.success, 0.004
27,mobileevent.login.with.password.success mobileevent.view.account.summary.success ,0.135,mobile.entry mobileevent.login.with.password.success , 0.117,mobileevent.view.transactions.and.details mobileevent.view.make.a.payment , 0.088,reward mobile.entry , 0.081,mobileevent.view.account.summary.success mobileevent.view.transactions.and.details , 0.072,mobileevent.view.make.a.payment mobile.exit , 0.058,mobile.exit journey.exit , 0.055,mobileevent.view.account.summary.success mobileevent.view.make.a.payment , 0.052,mobileevent.view.make.a.payment mobileevent.make.a.payment.success , 0.052,mobile.exit mobile.entry , 0.038,mobileevent.view.make.a.payment mobileevent.view.transactions.and.details , 0.030,mobileevent.view.transactions.and.details mobile.exit , 0.024,mobileevent.view.make.a.payment mobileevent.view.payment.activity , 0.021,mobileevent.make.a.payment.success mobile.exit , 0.020,mobile.exit mobile.exit , 0.017,mobileevent.view.payment.activity mobileevent.view.make.a.payment , 0.016,mobileevent.view.payment.activity mobile.exit , 0.013,mobileevent.view.account.summary.success mobileevent.decline.sureswipe.enrollment.intercept , 0.011,mobileevent.make.a.payment.success mobileevent.view.make.a.payment , 0.010,mobileevent.make.a.payment.success mobileevent.view.payment.activity , 0.009,mobileevent.view.account.summary.success mobileevent.enable.sureswipe.success , 0.007,mobileevent.decline.sureswipe.enrollment.intercept mobileevent.view.transactions.and.details , 0.006,mobileevent.view.make.a.payment mobile.entry , 0.005,mobileevent.decline.sureswipe.enrollment.intercept mobileevent.view.make.a.payment , 0.005,mobileevent.view.account.summary.success mobile.entry , 0.005,mobileevent.login.with.password.success mobile.entry , 0.005,mobileevent.make.a.payment.success mobileevent.view.transactions.and.details , 0.005,mobileevent.make.a.payment.success mobileevent.view.rewards , 0.004,declined mobile.entry , 0.004,mobileevent.enable.sureswipe.success mobileevent.view.make.a.payment , 0.003,mobile.exit alerts.delivered , 0.002,mobileevent.view.transactions.and.details mobile.entry , 0.002,mobileevent.view.payment.activity mobileevent.view.rewards , 0.002,alerts.delivered mobile.entry , 0.002,mobileevent.delete.payment.success mobileevent.view.payment.activity , 0.002,mobileevent.view.make.a.payment mobileevent.update.bank.profile , 0.001,mobileevent.update.bank.profile mobileevent.update.bank.profile.success , 0.001,alerts.delivered journey.exit , 0.001,mobileevent.update.bank.profile.success mobileevent.view.make.a.payment , 0.001,mobileevent.view.make.a.payment mobileevent.modify.payment.success , 0.001,mobileevent.view.payment.activity mobileevent.delete.payment.success , 0.001,mobileevent.view.transactions.and.details mobileevent.view.payment.activity , 0.001,mobileevent.enable.sureswipe.success mobile.entry , 0.001,mobileevent.modify.payment.success mobileevent.view.payment.activity , 0.001,mobileevent.view.payment.activity mobile.entry , 0.001,mobileevent.view.rewards mobileevent.view.payment.activity , 0.001,tsys.financial.adjustment mobile.entry , 0.001,mobileevent.view.account.summary.success mblstc.contact.us , 0.000,mobileevent.make.a.payment.success mobileevent.login.with.password.success , 0.000,mobileevent.view.make.a.payment mobileevent.delete.payment.success, 0.000
28,webevent.view.account.summary.success webevent.login ,0.071,webevent.system.retrieve.default.email.address webevent.view.statement.and.document.delivery.preferences , 0.060,webevent.view.statement.and.document.delivery.preferences webevent.system.retrieve.default.email.address , 0.055,web.exit journey.exit , 0.053,webevent.login webevent.view.account.summary.success , 0.049,webevent.view.statement.and.document.delivery.preferences webstc.view/print/download.statement.and.documents , 0.046,journey.entry web.entry , 0.044,webevent.view.account.summary.success webevent.transaction.download.success , 0.029,webevent.view.document.history webevent.view.statement.and.document.delivery.preferences , 0.026,web.entry webevent.view.account.summary.success , 0.024,webstc.view/print/download.statement.and.documents webevent.open.document.success , 0.024,webevent.view.document.history webevent.system.retrieve.default.email.address , 0.023,webevent.system.retrieve.default.email.address webstc.view/print/download.statement.and.documents , 0.023,webevent.view.account.summary.success webstc.balance.transfer , 0.021,web.entry webevent.login , 0.021,webevent.transaction.download.success webevent.login , 0.017,webstc.view/print/download.statement.and.documents web.exit , 0.014,webstc.select.a.promotional.offer webstc.no.offer.available. , 0.014,webevent.login webevent.view.make.a.payment , 0.013,webevent.view.account.summary.success webevent.view.document.history , 0.013,webevent.transaction.download.success web.exit , 0.013,webstc.view/print/download.monthly.statement webevent.view.statement.and.document.delivery.preferences , 0.013,webevent.open.document.success webstc.view/print/download.statement.and.documents , 0.012,webevent.view.statement.and.document.delivery.preferences web.exit , 0.011,webevent.login web.exit , 0.011,webstc.view/print/download.statement.and.documents webevent.system.retrieve.default.email.address , 0.011,webevent.system.retrieve.default.email.address webevent.view.document.history , 0.011,webevent.view.transactions.and.details.success webevent.transaction.download.success , 0.010,webstc.view/print/download.monthly.statement webevent.view.document.history , 0.010,webevent.view.document.history webstc.view/print/download.statement.and.documents , 0.009,webevent.view.statement.and.document.delivery.preferences webevent.view.document.history , 0.009,webevent.view.account.summary.success webevent.system.retrieve.default.email.address , 0.007,webstc.link.accounts web.exit , 0.006,webevent.view.account.summary.success webstc.link.accounts , 0.005,webstc.balance.transfer webevent.login , 0.005,webstc.activation webevent.login , 0.005,webevent.transaction.download.success webevent.view.transactions.and.details.success , 0.005,webevent.open.document.success web.exit , 0.005,webevent.login webevent.view.payment.activity , 0.005,webstc.view/print/download.statement.and.documents webevent.view.document.history , 0.005,webstc.balance.transfer web.exit , 0.005,webevent.open.statement.success webevent.view.document.history , 0.004,webstc.promotional.offer.eligilbility web.exit , 0.004,webevent.set.travel.notification.success tsys.fraud.-.watch , 0.004,webstc.view.rewards.summary webstc.view/print/download.monthly.statement , 0.004,webevent.view.travel.notification.page webevent.set.travel.notification.success , 0.004,webevent.login webstc.view.rewards.summary , 0.004,webstc.online.application webstc.online.application.with.eos.enrollment , 0.004,webevent.view.transactions.and.details.success webstc.promotional.offer.eligilbility , 0.004,webevent.view.make.a.payment webstc.chat-reject, 0.003
29,agent.view.statements agent.view.statements ,0.108,agent.exit journey.exit , 0.060,agent.entry agent.1 , 0.058,agent.view.statements agent.exit , 0.042,agent.view.statements agent.view.authorization , 0.039,agent.view.authorization agent.view.statements , 0.039,agent.view.product.information agent.view.product.information , 0.032,agent.entry agent.view.statements , 0.030,agent.exit webevent.login , 0.030,agent.view.statements agent.view.personal.information , 0.026,agent.view.personal.information agent.view.statements , 0.024,agent.exit agent.entry , 0.019,agent.view.product.information agent.exit , 0.018,agent.view.product.information agent.view.statements , 0.017,marketing tsys.close.account , 0.016,tsys.close.account agent.close.account , 0.016,agent.view.statements agent.view.product.information , 0.015,agent.1 agent.view.statements , 0.015,agent.close.account agent.exit , 0.015,agent.1 agent.exit , 0.014,reward agent.entry , 0.009,webevent.view.account.summary.success agent.exit , 0.008,ivr.exit agent.view.product.information , 0.007,ivr.entry ivr.online.unlock.account , 0.007,ivr.online.unlock.account agent.entry , 0.007,agent.view.statements agent.2 , 0.007,agent.manage.online.access webstc.temporary.password , 0.006,agent.2 agent.3 , 0.006,tsys.pin.-.change agent.account.pin , 0.006,agent.exit webevent.view.make.a.payment , 0.006,agent.2 agent.view.statements , 0.006,agent.account.pin tsys.pin.-.change , 0.006,agent.exit webevent.view.payment.activity , 0.005,agent.account.pin agent.exit , 0.005,agent.1 agent.view.payment.history , 0.005,tsys.financial.adjustment agent.view.statements , 0.005,agent.view.statements webevent.login , 0.005,agent.view.authorization agent.exit , 0.005,agent.2 marketing , 0.005,agent.exit webevent.view.transactions.and.details.success , 0.004,web.exit agent.view.statements , 0.004,web.entry ivr.entry , 0.004,agent.view.statements chordiant , 0.004,agent.entry marketing , 0.004,ivr.exit agent.manage.online.access , 0.004,agent.1 agent.view.authorization , 0.004,marketing agent.close.account , 0.003,webevent.view.payment.activity agent.entry , 0.003,agent.balance.transfer agent.balance.transfer , 0.003,tsys.close.account marketing, 0.003
